<databaseChangeLog
    xmlns="http://www.liquibase.org/xml/ns/dbchangelog"
    xmlns:xsi="http://www.w3.org/2001/XMLSchema-instance"
    xmlns:ext="http://www.liquibase.org/xml/ns/dbchangelog-ext"
    xsi:schemaLocation="http://www.liquibase.org/xml/ns/dbchangelog http://www.liquibase.org/xml/ns/dbchangelog/dbchangelog-3.1.xsd
    http://www.liquibase.org/xml/ns/dbchangelog-ext http://www.liquibase.org/xml/ns/dbchangelog/dbchangelog-ext.xsd"
	logicalFilePath="0017-syslogid-removal.xml">
	<changeSet id="0017" author="lmorallos">
		<comment>removal of Syslog ID across DB</comment>
		<sql>ALTER TABLE uberconsole.tbl_competition DROP COLUMN syslog_id</sql>
		<sql>ALTER TABLE uberconsole.tbl_event DROP COLUMN syslog_id</sql>
		<sql>ALTER TABLE uberconsole.tbl_venue DROP COLUMN syslog_id</sql>
		<sql>ALTER TABLE uberconsole.tbl_contact DROP COLUMN syslog_id</sql>
		<sql>ALTER TABLE uberconsole.tbl_organizer DROP COLUMN syslog_id</sql>
		<sql>ALTER TABLE uberconsole.tbl_imgdata DROP COLUMN syslog_id</sql>
	</changeSet>
</databaseChangeLog>