<?xml version="1.0" encoding="UTF-8"?>
<beans xmlns="http://www.springframework.org/schema/beans"
       xmlns:xsi="http://www.w3.org/2001/XMLSchema-instance"
       xmlns:context="http://www.springframework.org/schema/context"

       xsi:schemaLocation="http://www.springframework.org/schema/beans http://www.springframework.org/schema/beans/spring-beans.xsd
          http://www.springframework.org/schema/context http://www.springframework.org/schema/context/spring-context.xsd
">
    
    <import resource="classpath*:**/springHeatService.xml" />
    <import resource="classpath*:**/springSetupFileService.xml" />
    <import resource="classpath*:**/springCompMgrService.xml" />
     
<!-- property beans -->     
    <bean class="org.springframework.beans.factory.config.PropertyPlaceholderConfigurer">
        <property name="locations">
            <list>                
                <value>classpath*:**/*uayds.properties</value>
            </list>
        </property>
        <property name="ignoreResourceNotFound" value="true"/>
    </bean>

    <bean id="uaydsStore" class="org.springframework.jdbc.datasource.DriverManagerDataSource">
        <property name="driverClassName" value="org.postgresql.Driver" />
        <property name="url" value="${postgresql.url}" />
	<property name="username" value="${postgresql.username}" />
	<property name="password" value="${postgresql.password}" />
	<property name="schema" value="${postgresql.schema}" />
    </bean>
    
 <!-- beans -->    
    <bean id="baseJdbcDaoImpl" abstract="true" class="com.danceframe.console.service.dataprovider.impl.BaseJdbcDaoImpl">
        <property name="dataSource" ref="uaydsStore" />
    </bean>
    
    <bean id="basicDao" class="com.danceframe.console.service.dataprovider.impl.BasicDaoImpl" 
	parent="baseJdbcDaoImpl">
    </bean>
    
    <bean id="accountTypeProviderDao"
		class="com.danceframe.console.service.dataprovider.impl.AccountTypeProviderDaoImpl" 
		parent="baseJdbcDaoImpl">	
	<property name="rowMapper" ref="accountTypeRowMapper" />	
    </bean>

     <bean id="accountProviderDao"
		class="com.danceframe.console.service.dataprovider.impl.AccountProviderDaoImpl" 
		parent="baseJdbcDaoImpl">	
	<property name="rowMapper" ref="accountRowMapper" />	
    </bean>
    
    <bean id="competitionProviderDao"
		class="com.danceframe.console.service.dataprovider.competition.impl.CompetitionProviderDaoImpl">	
        <property name="dataSource" ref="uaydsStore" /> 
	<property name="rowMapper" ref="competitionRowMapper" />	
    </bean>
    
    <bean id="eventProviderDao"
		class="com.danceframe.console.service.dataprovider.competition.impl.EventProviderDaoImpl">	
        <property name="dataSource" ref="uaydsStore" /> 
	<property name="rowMapper" ref="eventRowMapper" />	
        <property name="publishSummaryRowMapper" ref="publishSummaryRowMapper" />
        <property name="eventSummaryRowMapper" ref="eventSummaryRowMapper" />        
    </bean>
    
    <bean id="organizerProviderDao"
		class="com.danceframe.console.service.dataprovider.competition.impl.OrganizerProviderDaoImpl">	
        <property name="dataSource" ref="uaydsStore" /> 
	<property name="rowMapper" ref="organizerRowMapper" />	
    </bean>
    
    <bean id="venueProviderDao"
		class="com.danceframe.console.service.dataprovider.competition.impl.VenueProviderDaoImpl">	
        <property name="dataSource" ref="uaydsStore" /> 
	<property name="rowMapper" ref="venueRowMapper" />	
    </bean>
    
    <bean id="contactProviderDao"
		class="com.danceframe.console.service.dataprovider.competition.impl.ContactProviderDaoImpl">	
        <property name="dataSource" ref="uaydsStore" /> 
	<property name="rowMapper" ref="contactRowMapper" />	
    </bean>
    
    <bean id="userProviderDao"
		class="com.danceframe.console.service.dataprovider.uam.impl.UserProviderDaoImpl">	
        <property name="dataSource" ref="uaydsStore" /> 
	<property name="rowMapper" ref="userRowMapper" />	
    </bean>
    
     <bean id="syslogProviderDao"
		class="com.danceframe.console.service.dataprovider.uam.impl.SyslogProviderDaoImpl" 
		parent="baseJdbcDaoImpl">	
	<property name="rowMapper" ref="syslogRowMapper" />	
    </bean>

    <bean id="lookUpProviderDao"
		class="com.danceframe.console.service.dataprovider.impl.LookUpProviderDaoImpl" 
		parent="baseJdbcDaoImpl">	
	<property name="rowMapper" ref="lookUpRowMapper" />	
    </bean>
    
    <bean id="imageProviderDao"
		class="com.danceframe.console.service.dataprovider.impl.ImageProviderDaoImpl" 
		parent="baseJdbcDaoImpl">	
	<property name="rowMapper" ref="imageRowMapper" />	
    </bean>
    
    <bean id="ageProviderDao"
		class="com.danceframe.console.service.dataprovider.competition.config.impl.AgeProviderDaoImpl">	
        <property name="dataSource" ref="uaydsStore" /> 
	<property name="rowMapper" ref="ageRowMapper" />	
    </bean>
    
    <bean id="danceProviderDao"
		class="com.danceframe.console.service.dataprovider.competition.config.impl.DanceProviderDaoImpl">	
        <property name="dataSource" ref="uaydsStore" /> 
	<property name="rowMapper" ref="danceRowMapper" />	
    </bean>
    
    <bean id="formProviderDao"
		class="com.danceframe.console.service.dataprovider.competition.config.impl.FormProviderDaoImpl">	
        <property name="dataSource" ref="uaydsStore" /> 
	<property name="rowMapper" ref="formRowMapper" />	
    </bean>
    
    <bean id="levelProviderDao"
		class="com.danceframe.console.service.dataprovider.competition.config.impl.LevelProviderDaoImpl">	
        <property name="dataSource" ref="uaydsStore" /> 
	<property name="rowMapper" ref="levelRowMapper" />	
    </bean>
    
    <bean id="styleProviderDao"
		class="com.danceframe.console.service.dataprovider.competition.config.impl.StyleProviderDaoImpl">	
        <property name="dataSource" ref="uaydsStore" /> 
	<property name="rowMapper" ref="styleRowMapper" />	
    </bean>
    
    <bean id="eventFormProviderDao"
		class="com.danceframe.console.service.dataprovider.competition.config.impl.EventFormProviderDaoImpl">	
        <property name="dataSource" ref="uaydsStore" /> 
        <property name="rowMapper" ref="eventFormRowMapper" />	
    </bean>
	
    <bean id="eventFirebaseService"
		class="com.danceframe.console.service.firebase.impl.EventFirebaseServiceImpl">	
	<property name="eventProviderDao" ref="eventProviderDao" />
        <property name="venueProviderDao" ref="venueProviderDao" />
        <property name="contactProviderDao" ref="contactProviderDao" />
        <property name="organizerProviderDao" ref="organizerProviderDao" />
        <property name="eventFormXMLProviderDao" ref="eventFormXMLProviderDao" />
        <property name="scheduleProviderDao" ref="scheduleProviderDao" />
        <property name="scheduleDataProviderDao" ref="scheduleDataProviderDao" />
        <property name="enablementProviderDao" ref="enablementProviderDao" />	
        <property name="genericFormProviderDao" ref="genericFormProviderDao" />
        <property name="financeProviderDao" ref="financeProviderDao" />
        <property name="displayDefaultProviderDao" ref="displayDefaultProviderDao" />
    </bean>
    
    <bean id="eventFormHContentProviderDao"
		class="com.danceframe.console.service.dataprovider.competition.config.impl.EventFormHContentProviderDaoImpl">	
        <property name="dataSource" ref="uaydsStore" /> 
        <property name="rowMapper" ref="eventFormHContentRowMapper" />	
    </bean>
    
    <bean id="eventFormDanceProviderDao"
		class="com.danceframe.console.service.dataprovider.competition.config.impl.EventFormDanceProviderDaoImpl">	
        <property name="dataSource" ref="uaydsStore" /> 
        <property name="rowMapper" ref="eventFormDanceRowMapper" />	
    </bean>
    
    <bean id="eventFormFieldProviderDao"
		class="com.danceframe.console.service.dataprovider.competition.config.impl.EventFormFieldProviderDaoImpl">	
        <property name="dataSource" ref="uaydsStore" /> 
        <property name="rowMapper" ref="eventFormFieldRowMapper" />	
    </bean>
    
    <bean id="eventFormVerticalProviderDao"
		class="com.danceframe.console.service.dataprovider.competition.config.impl.EventFormVerticalProviderDaoImpl">	
        <property name="dataSource" ref="uaydsStore" /> 
        <property name="rowMapper" ref="eventFormVerticalRowMapper" />	
    </bean>
    
    <bean id="eventFormCellAllowProviderDao"
		class="com.danceframe.console.service.dataprovider.competition.config.impl.EventFormCellAllowProviderDaoImpl">	
        <property name="dataSource" ref="uaydsStore" /> 
        <property name="rowMapper" ref="eventFormCellAllowRowMapper" />	
    </bean>
    	 
    <bean id="eventFormGenerator" class="com.danceframe.console.service.xml.impl.EventFormGeneratorImpl">
        <property name="eventFormProviderDao"  ref="eventFormProviderDao" />	
        <property name="eventFormFieldProviderDao" ref="eventFormFieldProviderDao" />	
        <property name="eventFormHContentProviderDao" ref="eventFormHContentProviderDao" />	
        <property name="eventFormDanceProviderDao" ref="eventFormDanceProviderDao" />	
        <property name="eventFormCellAllowProviderDao" ref="eventFormCellAllowProviderDao" />	
    </bean>
    
     <bean id="eventFormXMLProviderDao"
	class="com.danceframe.console.service.dataprovider.competition.config.impl.EventFormXMLProviderDaoImpl" 
	parent="baseJdbcDaoImpl">	
	<property name="rowMapper" ref="eventFormXMLRowMapper" />	
    </bean>
    
     <bean id="setupFileProcessor" class="com.danceframe.console.service.file.form.impl.SetupFileProcessorImpl">	
	<property name="xmlServiceCreator" ref="xmlServiceCreator" />	
    </bean>
          
    <bean id="scheduleProviderDao"
		class="com.danceframe.console.service.dataprovider.competition.impl.ScheduleProviderDaoImpl">	
        <property name="dataSource" ref="uaydsStore" /> 
        <property name="rowMapper" ref="scheduleRowMapper" />	
    </bean>
    
    <bean id="scheduleDataProviderDao"
		class="com.danceframe.console.service.dataprovider.competition.impl.ScheduleDataProviderDaoImpl">	
        <property name="dataSource" ref="uaydsStore" /> 
        <property name="rowMapper" ref="scheduleDataRowMapper" />	
    </bean>
    
    <bean id="enablementProviderDao"
		class="com.danceframe.console.service.dataprovider.competition.impl.EnablementProviderDaoImpl" 
		parent="baseJdbcDaoImpl">	
	<property name="rowMapper" ref="enablementRowMapper" />	
    </bean>
    
    <bean id="displayDefaultProviderDao"
		class="com.danceframe.console.service.dataprovider.competition.impl.DisplayDefaultProviderDaoImpl" 
		parent="baseJdbcDaoImpl">	
	<property name="rowMapper" ref="displayDefaultRowMapper" />	
    </bean>
       
    <bean id="genericFormProviderDao"
		class="com.danceframe.console.service.dataprovider.competition.impl.GenericFormProviderDaoImpl" >
	<property name="dataSource" ref="uaydsStore" /> 
	<property name="rowMapper" ref="formDataRowMapper" />
        <property name="genericFormRowMapper" ref="genericFormRowMapper" />
    </bean>
    
    <bean id="financeProviderDao"
		class="com.danceframe.console.service.dataprovider.competition.impl.FinanceProviderDaoImpl">	
        <property name="dataSource" ref="uaydsStore" /> 
        <property name="rowMapper" ref="financeRowMapper" />	
    </bean>

    <bean id="heatListProviderDao"
		class="com.danceframe.console.service.dataprovider.heatlist.impl.HeatListProviderDaoImpl" 
		parent="baseJdbcDaoImpl">
        <property name="heatListDataRowMapper" ref="heatListDataRowMapper" />
        <property name="heatListPersonRowMapper" ref="heatListPersonRowMapper" />
        <property name="heatListRowMapper" ref="heatListRowMapper" />
        <property name="heatSessionRowMapper" ref="heatSessionRowMapper" />
    </bean>
    
     <bean id="heatListResultMasterPersonProviderDao"
		class="com.danceframe.console.service.dataprovider.heatlist.impl.HeatListResultMasterPersonProviderDaoImpl">	
        <property name="dataSource" ref="uaydsStore" /> 
        <property name="rowMapper" ref="masterPersonRowMapper" />	
    </bean>
    
     <bean id="heatListResultMasterJudgeProviderDao"
		class="com.danceframe.console.service.dataprovider.heatlist.impl.HeatListResultMasterJudgeProviderDaoImpl">	
        <property name="dataSource" ref="uaydsStore" /> 
        <property name="rowMapper" ref="masterJudgeRowMapper" />	
    </bean>

    <bean id="heatListReader"
		class=" com.danceframe.console.service.file.heatlist.impl.HeatListReaderImpl" >
        <property name="heatListProviderDao" ref="heatListProviderDao" />
    </bean>
    
    <bean id="heatListWriter"
		class=" com.danceframe.console.service.file.heatlist.impl.HeatListWriterImpl" >
        <property name="heatListProviderDao" ref="heatListProviderDao" />
    </bean>
    
    <bean id="heatListResultWriter"
		class=" com.danceframe.console.service.file.heatlist.impl.HeatListResultWriterImpl" >
        <property name="heatListResultProviderDao" ref="heatListResultProviderDao" />
    </bean>
    
    <bean id="systemConfigProviderDao"
		class="com.danceframe.console.service.dataprovider.systemconfig.impl.SystemConfigProviderDaoImpl">
        <property name="dataSource" ref="uaydsStore" /> 
	<property name="rowMapper" ref="systemConfigRowMapper" />	
    </bean>
    
    <bean id="peopleProviderDao"
		class="com.danceframe.console.service.dataprovider.people.impl.PeopleProviderDaoImpl">	
        <property name="dataSource" ref="uaydsStore" /> 
	<property name="rowMapper" ref="peopleRowMapper" />	
    </bean>
    
    <bean id="xmlFileProviderDao"
		class="com.danceframe.console.service.dataprovider.impl.XMLProviderDaoImpl" 
		parent="baseJdbcDaoImpl">		
    </bean>
    
   <bean id="heatListResultProviderDao"
		class="com.danceframe.console.service.dataprovider.heatlist.impl.HeatListResultProviderDaoImpl" 
		parent="baseJdbcDaoImpl">
        <property name="heatResultStudioRowMapper" ref="heatResultStudioRowMapper" />
        <property name="heatResultJudgeRowMapper" ref="heatResultJudgeRowMapper" />
        <property name="heatResultPersonRowMapper" ref="heatResultPersonRowMapper" />
        <property name="heatResultCompetitorRowMapper" ref="heatResultCompetitorRowMapper" />
        <property name="heatResultPersonKeyRowMapper" ref="heatResultPersonKeyRowMapper" />
        <property name="heatResultHeatRowMapper" ref="heatResultHeatRowMapper" />
        <property name="heatResultSubHeatsRowMapper" ref="heatResultSubHeatsRowMapper" />
        <property name="heatResultSubHeatRowMapper" ref="heatResultSubHeatRowMapper" />
        <property name="heatResultResultRowMapper" ref="heatResultResultRowMapper" />
        <property name="heatResultMarkRowMapper" ref="heatResultMarkRowMapper" />
        <property name="heatResultXMLResultRowMapper" ref="heatResultXMLResultRowMapper" />
    </bean>
    
    <bean id="regUserProviderDao"
		class="com.danceframe.console.service.dataprovider.registration.impl.RegUserProviderDaoImpl">	
        <property name="dataSource" ref="uaydsStore" /> 
	<property name="rowMapper" ref="regUserRowMapper" />	
    </bean>
    
    <bean id="regStudioProviderDao"
		class="com.danceframe.console.service.dataprovider.registration.impl.RegStudioProviderDaoImpl">	
        <property name="dataSource" ref="uaydsStore" /> 
	<property name="rowMapper" ref="regStudioRowMapper" />	
    </bean>
    
    <bean id="regPersonProviderDao"
		class="com.danceframe.console.service.dataprovider.registration.impl.RegPersonProviderDaoImpl">	
        <property name="dataSource" ref="uaydsStore" /> 
	<property name="rowMapper" ref="regPersonRowMapper" />	
    </bean>

    <bean id="regCompetitorProviderDao"
		class="com.danceframe.console.service.dataprovider.registration.impl.RegCompetitorProviderDaoImpl">	
        <property name="dataSource" ref="uaydsStore" /> 
	<property name="rowMapper" ref="regCompetitorRowMapper" />	
    </bean>

    <bean id="regCompetitorPersonProviderDao"
		class="com.danceframe.console.service.dataprovider.registration.impl.RegCompetitorPersonProviderDaoImpl">	
        <property name="dataSource" ref="uaydsStore" /> 
	<property name="rowMapper" ref="regCompetitorPersonRowMapper" />	
    </bean>
    
     <bean id="regPurchaseProviderDao"
		class="com.danceframe.console.service.dataprovider.registration.impl.RegPurchaseProviderDaoImpl">	
        <property name="dataSource" ref="uaydsStore" /> 
	<property name="rowMapper" ref="regPurchaseRowMapper" />	
    </bean>
    
    <bean id="regEntryProviderDao"
		class="com.danceframe.console.service.dataprovider.registration.impl.RegEntryProviderDaoImpl">	
        <property name="dataSource" ref="uaydsStore" /> 
	<property name="rowMapper" ref="regEntryRowMapper" />	
    </bean>
    
    <bean id="regIDTrackerProviderDao"
		class="com.danceframe.console.service.dataprovider.registration.impl.RegIDTrackerProviderDaoImpl">	
        <property name="dataSource" ref="uaydsStore" /> 
	<property name="rowMapper" ref="regRegIDTrackerRowMapper" />	
    </bean>

    <bean id="heatListResultXMLReader"
		class="com.danceframe.console.service.file.xml.impl.HeatListResultXMLReaderImpl" 
		parent="baseJdbcDaoImpl">
        <property name="heatListResultProviderDao" ref="heatListResultProviderDao" />
        <property name="heatListBaseReaderType4" ref="heatListTxtType4dReader" />
        <property name="heatListBaseReaderType5" ref="heatListTxtType5Reader" />		
    </bean>
    
    <bean id="heatListResultXMLWriter"
		class="com.danceframe.console.service.file.xml.impl.HeatListResultXMLWriterImpl">
        <property name="heatListResultProviderDao" ref="heatListResultProviderDao" />
        <property name="eventProviderDao" ref="eventProviderDao" />	
        <property name="heatListResultMasterPersonProviderDao" ref="heatListResultMasterPersonProviderDao" />	
    </bean>
    
    <bean id="compManagerXMLWriter"
		class="com.danceframe.console.service.file.xml.impl.CompManagerXMLWriterImpl">
        <property name="xmlGenerator" ref="xmlGenerator" />
    </bean>

    <bean id="participantProviderDao"
		class="com.danceframe.console.service.dataprovider.participant.impl.ParticipantProviderDaoImpl">	
        <property name="dataSource" ref="uaydsStore" /> 
	<property name="rowMapper" ref="participantRowMapper" />	
    </bean>
    
    <bean id="invoiceProviderDao"
		class="com.danceframe.console.service.dataprovider.payment.impl.InvoiceProviderDaoImpl">	
        <property name="dataSource" ref="uaydsStore" /> 
	<property name="rowMapper" ref="invoiceRowMapper" />
    </bean>
    
    <bean id="invoicePaymentProviderDao"
		class="com.danceframe.console.service.dataprovider.payment.impl.InvoicePaymentProviderDaoImpl">	
        <property name="dataSource" ref="uaydsStore" /> 
	<property name="rowMapper" ref="invoicePaymentRowMapper" />
    </bean>
    
    <bean id="invoicePaymentDetailProviderDao"
		class="com.danceframe.console.service.dataprovider.payment.impl.InvoicePaymentDetailProviderDaoImpl">	
        <property name="dataSource" ref="uaydsStore" /> 
        <property name="rowMapper" ref="invoicePaymentDetailRowMapper" />
    </bean>
    
    <bean id="paymentProviderDao"
		class="com.danceframe.console.service.dataprovider.payment.impl.PaymentProviderDaoImpl">	
        <property name="dataSource" ref="uaydsStore" /> 
	<property name="rowMapper" ref="paymentRowMapper" />
    </bean>
    
    <!-- ubercritique --> 
    <bean id="heatListTxtReader"
		class="com.danceframe.console.service.file.critique.impl.HeatListTxtReaderImpl" />
    
    <bean id="critiqueProviderDao"
		class="com.danceframe.console.service.dataprovider.critique.impl.CritiqueProviderDaoImpl" 
		parent="baseJdbcDaoImpl">
        <property name="critiqueStudioRowMapper" ref="critiqueStudioRowMapper" />
        <property name="critiqueJudgeRowMapper" ref="critiqueJudgeRowMapper" />
        <property name="critiquePersonRowMapper" ref="critiquePersonRowMapper" />
        <property name="critiqueCoupleRowMapper" ref="critiqueCoupleRowMapper" />
        <property name="critiqueHeatRowMapper" ref="critiqueHeatRowMapper" />
        <property name="critiqueSubHeatRowMapper" ref="critiqueSubHeatRowMapper" />
        <property name="critiqueCoupleEntryRowMapper" ref="critiqueCoupleEntryRowMapper" />
        <property name="critiqueSoloEntryRowMapper" ref="critiqueSoloEntryRowMapper" />
        <property name="critiqueResultRowMapper" ref="critiqueResultRowMapper" />
        <property name="critiqueMarkRowMapper" ref="critiqueMarkRowMapper" />
    </bean>
    
     <bean id="critiqueXMLReader"
		class="com.danceframe.console.service.file.critique.impl.CritiqueXMLReaderImpl" 
		parent="baseJdbcDaoImpl">
        <property name="critiqueProviderDao" ref="critiqueProviderDao" />		
    </bean>
    
    <!-- rest consumer -->
    <bean id="imageListRestProvider" class="com.danceframe.console.service.rest.impl.ImageListRestProviderImpl" />
    
    <bean id="imageStoreRestProvider" class="com.danceframe.console.service.rest.impl.ImageStoreRestProviderImpl" />

    <!-- rowmapper -->          
    <bean id="accountTypeRowMapper" class="com.danceframe.console.service.rowmapper.AccountTypeRowMapper" />
    <bean id="accountRowMapper" class="com.danceframe.console.service.rowmapper.AccountRowMapper" />
    
    <bean id ="competitionRowMapper" class="com.danceframe.console.service.rowmapper.competition.CompetitionRowMapper" />
    <bean id ="eventRowMapper" class="com.danceframe.console.service.rowmapper.competition.EventRowMapper" />
    <bean id ="organizerRowMapper" class="com.danceframe.console.service.rowmapper.competition.OrganizerRowMapper" />
    <bean id ="venueRowMapper" class="com.danceframe.console.service.rowmapper.competition.VenueRowMapper" />
    <bean id ="contactRowMapper" class="com.danceframe.console.service.rowmapper.competition.ContactRowMapper" />
    <bean id ="publishSummaryRowMapper" class="com.danceframe.console.service.rowmapper.competition.PublishSummaryRowMapper" />
    <bean id ="enablementRowMapper" class="com.danceframe.console.service.rowmapper.competition.EnablementRowMapper" />
    <bean id ="displayDefaultRowMapper" class="com.danceframe.console.service.rowmapper.competition.DisplayDefaultRowMapper" />
    
    <bean id ="userRowMapper" class="com.danceframe.console.service.rowmapper.uam.UserRowMapper" />
    <bean id ="syslogRowMapper" class="com.danceframe.console.service.rowmapper.uam.SyslogRowMapper" />
    
    <bean id ="lookUpRowMapper" class="com.danceframe.console.service.rowmapper.LookUpRowMapper" />
    <bean id ="imageRowMapper" class="com.danceframe.console.service.rowmapper.ImageRowMapper" />
    
    <bean id ="ageRowMapper" class="com.danceframe.console.service.rowmapper.competition.config.AgeRowMapper" />
    <bean id ="danceRowMapper" class="com.danceframe.console.service.rowmapper.competition.config.DanceRowMapper" />
    <bean id ="formRowMapper" class="com.danceframe.console.service.rowmapper.competition.config.FormRowMapper" />
    <bean id ="levelRowMapper" class="com.danceframe.console.service.rowmapper.competition.config.LevelRowMapper" />
    <bean id ="styleRowMapper" class="com.danceframe.console.service.rowmapper.competition.config.StyleRowMapper" />
    <bean id ="eventFormRowMapper" class="com.danceframe.console.service.rowmapper.competition.config.EventFormRowMapper" />
    <bean id ="eventFormHContentRowMapper" class="com.danceframe.console.service.rowmapper.competition.config.EventFormHContentRowMapper" />
    <bean id ="eventFormDanceRowMapper" class="com.danceframe.console.service.rowmapper.competition.config.EventFormDanceRowMapper" />
    <bean id ="eventFormFieldRowMapper" class="com.danceframe.console.service.rowmapper.competition.config.EventFormFieldRowMapper" />
    <bean id ="eventFormVerticalRowMapper" class="com.danceframe.console.service.rowmapper.competition.config.EventFormVerticalRowMapper" />
    <bean id ="eventFormCellAllowRowMapper" class="com.danceframe.console.service.rowmapper.competition.config.EventFormCellAllowRowMapper" />
    <bean id ="eventFormXMLRowMapper" class="com.danceframe.console.service.rowmapper.competition.config.EventFormXMLRowMapper" />
    <bean id ="scheduleRowMapper" class="com.danceframe.console.service.rowmapper.competition.ScheduleRowMapper" />
    <bean id ="scheduleDataRowMapper" class="com.danceframe.console.service.rowmapper.competition.ScheduleDataRowMapper" /> 
    <bean id ="formDataRowMapper" class="com.danceframe.console.service.rowmapper.competition.FormDataRowMapper" /> 
    <bean id ="genericFormRowMapper" class="com.danceframe.console.service.rowmapper.competition.GenericFormRowMapper" /> 
    <bean id ="financeRowMapper" class="com.danceframe.console.service.rowmapper.competition.FinanceRowMapper" /> 
    <bean id ="eventSummaryRowMapper" class="com.danceframe.console.service.rowmapper.competition.EventSummaryRowMapper" /> 
    <bean id ="heatListDataRowMapper" class="com.danceframe.console.service.rowmapper.heatlist.HeatListDataRowMapper" /> 
    <bean id ="heatListPersonRowMapper" class="com.danceframe.console.service.rowmapper.heatlist.HeatListPersonRowMapper" />
    <bean id ="heatListRowMapper" class="com.danceframe.console.service.rowmapper.heatlist.HeatListRowMapper" /> 
     <bean id ="heatSessionRowMapper" class="com.danceframe.console.service.rowmapper.heatlist.HeatSessionRowMapper" /> 
    <bean id ="systemConfigRowMapper" class="com.danceframe.console.service.rowmapper.systemconfig.SystemConfigRowMapper" /> 
    <bean id ="peopleRowMapper" class="com.danceframe.console.service.rowmapper.people.PeopleRowMapper" /> 
    
    <bean id ="heatResultStudioRowMapper" class="com.danceframe.console.service.rowmapper.heatlist.result.HeatResultStudioRowMapper" /> 
    <bean id ="heatResultJudgeRowMapper" class="com.danceframe.console.service.rowmapper.heatlist.result.HeatResultJudgeRowMapper" /> 
    <bean id ="heatResultPersonRowMapper" class="com.danceframe.console.service.rowmapper.heatlist.result.HeatResultPersonRowMapper" /> 
    <bean id ="heatResultCompetitorRowMapper" class="com.danceframe.console.service.rowmapper.heatlist.result.HeatResultCompetitorRowMapper" /> 
    <bean id ="heatResultPersonKeyRowMapper" class="com.danceframe.console.service.rowmapper.heatlist.result.HeatResultPersonKeyRowMapper" />
    
    <bean id ="heatResultHeatRowMapper" class="com.danceframe.console.service.rowmapper.heatlist.result.HeatResultHeatRowMapper" /> 
    <bean id ="heatResultSubHeatsRowMapper" class="com.danceframe.console.service.rowmapper.heatlist.result.HeatResultSubHeatsRowMapper" /> 
    <bean id ="heatResultSubHeatRowMapper" class="com.danceframe.console.service.rowmapper.heatlist.result.HeatResultSubHeatRowMapper" /> 
    <bean id ="heatResultResultRowMapper" class="com.danceframe.console.service.rowmapper.heatlist.result.HeatResultResultRowMapper" /> 
    <bean id ="heatResultMarkRowMapper" class="com.danceframe.console.service.rowmapper.heatlist.result.HeatResultMarkRowMapper" /> 
    <bean id ="heatResultXMLResultRowMapper" class="com.danceframe.console.service.rowmapper.heatlist.result.HeatResultXMLResultRowMapper" />
    <bean id ="masterPersonRowMapper" class="com.danceframe.console.service.rowmapper.heatlist.result.MasterPersonRowMapper" /> 
    <bean id ="masterJudgeRowMapper" class="com.danceframe.console.service.rowmapper.heatlist.result.MasterJudgeRowMapper" /> 
    
    <bean id ="participantRowMapper" class="com.danceframe.console.service.rowmapper.participant.ParticipantRowMapper" /> 
    <bean id ="invoiceRowMapper" class="com.danceframe.console.service.rowmapper.payment.InvoiceRowMapper" /> 
    <bean id ="paymentRowMapper" class="com.danceframe.console.service.rowmapper.payment.PaymentRowMapper" />
    
    <bean id ="critiqueCoupleEntryRowMapper" class="com.danceframe.console.service.rowmapper.critique.CritiqueCoupleEntryRowMapper" /> 
    <bean id ="critiqueJudgeRowMapper" class="com.danceframe.console.service.rowmapper.critique.CritiqueJudgeRowMapper" /> 
    <bean id ="critiqueResultRowMapper" class="com.danceframe.console.service.rowmapper.critique.CritiqueResultRowMapper" /> 
    <bean id ="critiqueCoupleRowMapper" class="com.danceframe.console.service.rowmapper.critique.CritiqueCoupleRowMapper" /> 
    <bean id ="critiqueMarkRowMapper" class="com.danceframe.console.service.rowmapper.critique.CritiqueMarkRowMapper" /> 
    <bean id ="critiqueStudioRowMapper" class="com.danceframe.console.service.rowmapper.critique.CritiqueStudioRowMapper" /> 
    <bean id ="critiqueHeatRowMapper" class="com.danceframe.console.service.rowmapper.critique.CritiqueHeatRowMapper" /> 
    <bean id ="critiquePersonRowMapper" class="com.danceframe.console.service.rowmapper.critique.CritiquePersonRowMapper" /> 
    <bean id ="critiqueSubHeatRowMapper" class="com.danceframe.console.service.rowmapper.critique.CritiqueSubHeatRowMapper" /> 
    <bean id ="critiqueSoloEntryRowMapper" class="com.danceframe.console.service.rowmapper.critique.CritiqueSoloEntryRowMapper" /> 
 
    <bean id ="invoicePaymentRowMapper" class="com.danceframe.console.service.rowmapper.payment.InvoicePaymentRowMapper" /> 
    <bean id ="invoicePaymentDetailRowMapper" class="com.danceframe.console.service.rowmapper.payment.InvoicePaymentDetailRowMapper" /> 
    
    <bean id ="regUserRowMapper" class="com.danceframe.console.service.rowmapper.registration.RegUserRowMapper" /> 
    <bean id ="regStudioRowMapper" class="com.danceframe.console.service.rowmapper.registration.RegStudioRowMapper" /> 
    <bean id ="regPersonRowMapper" class="com.danceframe.console.service.rowmapper.registration.RegPersonRowMapper" />
    <bean id ="regPurchaseRowMapper" class="com.danceframe.console.service.rowmapper.registration.RegPurchaseRowMapper" />
    <bean id ="regEntryRowMapper" class="com.danceframe.console.service.rowmapper.registration.RegEntryRowMapper" />
    <bean id ="regCompetitorRowMapper" class="com.danceframe.console.service.rowmapper.registration.RegCompetitorRowMapper" />
    <bean id ="regCompetitorPersonRowMapper" class="com.danceframe.console.service.rowmapper.registration.RegCompetitorPersonRowMapper" />
    <bean id ="regRegIDTrackerRowMapper" class="com.danceframe.console.service.rowmapper.registration.RegIDTrackerRowMapper" />
</beans>

