<databaseChangeLog
    xmlns="http://www.liquibase.org/xml/ns/dbchangelog"
    xmlns:xsi="http://www.w3.org/2001/XMLSchema-instance"
    xmlns:ext="http://www.liquibase.org/xml/ns/dbchangelog-ext"
    xsi:schemaLocation="http://www.liquibase.org/xml/ns/dbchangelog http://www.liquibase.org/xml/ns/dbchangelog/dbchangelog-3.1.xsd
    http://www.liquibase.org/xml/ns/dbchangelog-ext http://www.liquibase.org/xml/ns/dbchangelog/dbchangelog-ext.xsd"
	logicalFilePath="0002-initial-uberconsole-table.xml">
	<changeSet id="0002" author="lmorallos">
		<comment>Creating Initial Table</comment>
		<sql>
			CREATE TABLE uberconsole.tbl_competition (
				competition_id	int primary key,
				name		varchar(512)	
			);
		</sql>
		<sql>
			CREATE TABLE uberconsole.tbl_event (
				event_id		int primary key,	
				date_start		date,
				date_stop		date,
				deadline		timestamp,
				website			varchar(255),
				event_year		int,
				competition_id 	int,
				status		 	int
			);
		</sql>
		<sql>
			CREATE TABLE uberconsole.tbl_venue (
				venue_id	int primary key,
				name		varchar(512),
				address		varchar(255),
				address2	varchar(255),
				city		varchar(255),	
				province	varchar(255),
				country		varchar(255),
				zipcode		varchar(20),
				phone		varchar(20),
				fax			varchar(20),
				resvphone	varchar(20),
				website		varchar(255),
				longtitude	varchar(50),
				latitude	varchar(50),
				event_id	int
			);
		</sql>
		<sql>
			CREATE TABLE uberconsole.tbl_contact (
				contact_id	int primary key,
				name		varchar(255),
				address		varchar(255),
				address2	varchar(255),
				city		varchar(255),	
				province	varchar(255),
				country		varchar(255),
				zipcode		varchar(20),
				phone		varchar(20),
				fax			varchar(20),
				email		varchar(255),
				event_id	int
			);
		</sql>
		<sql>
			CREATE TABLE uberconsole.tbl_organizer (
				organizer_id int primary key,
				name	  varchar(32),
				event_id	int
			);
		</sql>
		<sql>
			CREATE TABLE uberconsole.tbl_imgdata (
				image_id int primary key,
				filename	varchar(255),
				mimetype	varchar(32),
				code		varchar(32),
				code_id		int,
				image 		bytea
			);	
		</sql>
		<sql>
			CREATE TABLE uberconsole.tbl_lookup (
				lookup_id int primary key,
				code		varchar(32),
				idx			int,
				description varchar(255)
			);	
		</sql>
	</changeSet>
</databaseChangeLog>