<databaseChangeLog
    xmlns="http://www.liquibase.org/xml/ns/dbchangelog"
    xmlns:xsi="http://www.w3.org/2001/XMLSchema-instance"
    xmlns:ext="http://www.liquibase.org/xml/ns/dbchangelog-ext"
    xsi:schemaLocation="http://www.liquibase.org/xml/ns/dbchangelog http://www.liquibase.org/xml/ns/dbchangelog/dbchangelog-3.1.xsd
    http://www.liquibase.org/xml/ns/dbchangelog-ext http://www.liquibase.org/xml/ns/dbchangelog/dbchangelog-ext.xsd"
	logicalFilePath="0003-initial-uberconsole-sequence.xml">
	<changeSet id="0003" author="lmorallos">
		<comment>Creating Initial Sequence</comment>
		<sql>
			CREATE SEQUENCE uberconsole.seq_competition
				start 1
				increment 1
				NO MAXVALUE
				CACHE 1;
		</sql>
		<sql>
			CREATE SEQUENCE uberconsole.seq_event
				start 1
				increment 1
				NO MAXVALUE
				CACHE 1;
		</sql>
		<sql>
			CREATE SEQUENCE uberconsole.seq_venue
				start 1
				increment 1
				NO MAXVALUE
				CACHE 1;
		</sql>
		<sql>
			CREATE SEQUENCE uberconsole.seq_contact
				start 1
				increment 1
				NO MAXVALUE
				CACHE 1;
		</sql>
		<sql>
			CREATE SEQUENCE uberconsole.seq_organizer
				start 1
				increment 1
				NO MAXVALUE
				CACHE 1;
		</sql>
		<sql>
			CREATE SEQUENCE uberconsole.seq_imgdata
				start 1
				increment 1
				NO MAXVALUE
				CACHE 1;
		</sql>
		<sql>
			CREATE SEQUENCE uberconsole.seq_loookup
				start 1
				increment 1
				NO MAXVALUE
				CACHE 1;
		</sql>
	</changeSet>
</databaseChangeLog>