<databaseChangeLog
    xmlns="http://www.liquibase.org/xml/ns/dbchangelog"
    xmlns:xsi="http://www.w3.org/2001/XMLSchema-instance"
    xmlns:ext="http://www.liquibase.org/xml/ns/dbchangelog-ext"
    xsi:schemaLocation="http://www.liquibase.org/xml/ns/dbchangelog http://www.liquibase.org/xml/ns/dbchangelog/dbchangelog-3.1.xsd
    http://www.liquibase.org/xml/ns/dbchangelog-ext http://www.liquibase.org/xml/ns/dbchangelog/dbchangelog-ext.xsd"
	logicalFilePath="0005-initial-uberconsole-data.xml">
	<changeSet id="0005" author="lmorallos">
		<comment>Creating Initial Data</comment>
		<sql>
			INSERT INTO  uberconsole.tbl_lookup(lookup_id, code, idx, description) VALUES (nextval('uberconsole.seq_loookup'),'EVTSTAT',1, 'Stage 1 - Pre-Registration');
		</sql>
		<sql>
			INSERT INTO  uberconsole.tbl_lookup(lookup_id, code, idx, description) VALUES (nextval('uberconsole.seq_loookup'),'EVTSTAT',2, 'Stage 2 - Registering');
		</sql>
		<sql>
			INSERT INTO  uberconsole.tbl_lookup(lookup_id, code, idx, description) VALUES (nextval('uberconsole.seq_loookup'),'EVTSTAT',3, 'Stage 3 - Registration Closed');
		</sql>
		<sql>
			INSERT INTO  uberconsole.tbl_lookup(lookup_id, code, idx, description) VALUES (nextval('uberconsole.seq_loookup'),'EVTSTAT',4, 'Stage 4 - In-Progress');
		</sql>
		<sql>
			INSERT INTO  uberconsole.tbl_lookup(lookup_id, code, idx, description) VALUES (nextval('uberconsole.seq_loookup'),'EVTSTAT',5, 'Stage 5 - Closed');
		</sql>
		<sql>
			INSERT INTO  uberconsole.tbl_lookup(lookup_id, code, idx, description) VALUES (nextval('uberconsole.seq_loookup'),'NOYES',0, 'NO');
		</sql>
		<sql>
			INSERT INTO  uberconsole.tbl_lookup(lookup_id, code, idx, description) VALUES (nextval('uberconsole.seq_loookup'),'NOYES',1, 'YES');
		</sql>
		<sql>
			INSERT INTO  uberconsole.tbl_lookup(lookup_id, code, idx, description) VALUES (nextval('uberconsole.seq_loookup'),'PUBSTAT',0, 'NOT PUBLISHED');
		</sql>
		<sql>
			INSERT INTO  uberconsole.tbl_lookup(lookup_id, code, idx, description) VALUES (nextval('uberconsole.seq_loookup'),'PUBSTAT',1, 'PUBLISH PENDING');
		</sql>
		<sql>
			INSERT INTO  uberconsole.tbl_lookup(lookup_id, code, idx, description) VALUES (nextval('uberconsole.seq_loookup'),'PUBSTAT',2, 'PUBLISH COMMIT IN PROGRESS');
		</sql>
		<sql>	
			INSERT INTO  uberconsole.tbl_lookup(lookup_id, code, idx, description) VALUES (nextval('uberconsole.seq_loookup'),'PUBSTAT',3, 'UNPUBLISH COMMIT IN PROGRESS');
		</sql>
		<sql>	
			INSERT INTO  uberconsole.tbl_lookup(lookup_id, code, idx, description) VALUES (nextval('uberconsole.seq_loookup'),'PUBSTAT',4, 'UNPUBLISH PENDING');
		</sql>
		<sql>	
			INSERT INTO  uberconsole.tbl_lookup(lookup_id, code, idx, description) VALUES (nextval('uberconsole.seq_loookup'),'PUBSTAT',5, 'PUBLISHED');
		</sql>
	</changeSet>
</databaseChangeLog>