<databaseChangeLog
    xmlns="http://www.liquibase.org/xml/ns/dbchangelog"
    xmlns:xsi="http://www.w3.org/2001/XMLSchema-instance"
    xmlns:ext="http://www.liquibase.org/xml/ns/dbchangelog-ext"
    xsi:schemaLocation="http://www.liquibase.org/xml/ns/dbchangelog http://www.liquibase.org/xml/ns/dbchangelog/dbchangelog-3.1.xsd
    http://www.liquibase.org/xml/ns/dbchangelog-ext http://www.liquibase.org/xml/ns/dbchangelog/dbchangelog-ext.xsd"
	logicalFilePath="0007-event-publish-imageid.xml">
	<changeSet id="0007" author="lmorallos">	
		<comment>Event Table Modification</comment>
		<sql>
			ALTER TABLE uberconsole.tbl_event ADD COLUMN event_name	varchar(512);
		</sql>
		<sql>
			ALTER TABLE uberconsole.tbl_event ADD COLUMN image_id int;
		</sql>
		<sql>
			ALTER TABLE uberconsole.tbl_event ADD COLUMN pubaction int;
		</sql>
		<sql>
			ALTER TABLE uberconsole.tbl_event ADD COLUMN pubstatus int;
		</sql>
		<sql>
			ALTER TABLE uberconsole.tbl_event ADD COLUMN timecommit bigint;
		</sql>
		<sql>		
			DROP VIEW IF EXISTS uberConsole.VW_EVENT_WITHCOMPETITION;
		</sql>
		<sql>
			CREATE OR REPLACE VIEW uberConsole.VW_EVENT_WITHCOMPETITION AS
			SELECT 
				a.event_id,
				a.event_name,
				a.date_start,
				a.date_stop,
				a.deadline,
				a.website,
				a.event_year,
				a.timecommit,
				a.status,
				a.competition_id,
				a.image_id,
				a.pubaction,
				a.pubstatus,
				b.name as competition_name,	
				c.filename,
				c.mimetype,
				d.description as status_name,
				e.description as publish_action,
				f.description as publish_status
			FROM uberconsole.tbl_event a
			JOIN uberconsole.tbl_competition b
				ON b.competition_id = a.competition_id
			LEFT JOIN uberconsole.tbl_imgdata c
				ON c.image_id = c.image_id
				AND c.code_id = a.event_id
				AND c.code = 'EVENT'
			LEFT JOIN uberconsole.tbl_lookup d
				ON d.idx = a.status
				AND d.code = 'EVTSTAT'
			LEFT JOIN uberconsole.tbl_lookup e
				ON e.idx = a.pubaction
				AND e.code = 'NOYES'
			LEFT JOIN uberconsole.tbl_lookup f
				ON f.idx = a.pubstatus
				AND f.code = 'PUBSTAT';
		</sql>
		<sql>		
			DROP VIEW IF EXISTS uberConsole.VW_EVENT_PUBLISH;
		</sql>
		<sql>	
			CREATE OR REPLACE VIEW uberConsole.VW_EVENT_PUBLISH AS
			SELECT 
				a.event_id,
				a.event_name,
				a.date_start,
				a.event_year,
				a.timecommit,
				a.status,
				a.competition_id,
				a.pubaction,
				a.pubstatus,
				b.name as competition_name,	
				d.description as status_name,
				e.description as publish_action,
				f.description as publish_status
			FROM uberconsole.tbl_event a
			JOIN uberconsole.tbl_competition b
				ON b.competition_id = a.competition_id
			LEFT JOIN uberconsole.tbl_lookup d
				ON d.idx = a.status
				AND d.code = 'EVTSTAT'
			LEFT JOIN uberconsole.tbl_lookup e
				ON e.idx = a.pubaction
				AND e.code = 'NOYES'
			LEFT JOIN uberconsole.tbl_lookup f
				ON f.idx = a.pubstatus
				AND f.code = 'PUBSTAT';
		</sql>		
	</changeSet>
</databaseChangeLog>