<databaseChangeLog
    xmlns="http://www.liquibase.org/xml/ns/dbchangelog"
    xmlns:xsi="http://www.w3.org/2001/XMLSchema-instance"
    xmlns:ext="http://www.liquibase.org/xml/ns/dbchangelog-ext"
    xsi:schemaLocation="http://www.liquibase.org/xml/ns/dbchangelog http://www.liquibase.org/xml/ns/dbchangelog/dbchangelog-3.1.xsd
    http://www.liquibase.org/xml/ns/dbchangelog-ext http://www.liquibase.org/xml/ns/dbchangelog/dbchangelog-ext.xsd"
	logicalFilePath="0008-user-management-all.xml">
	<changeSet id="0008" author="lmorallos">
		<comment>Creating User Management Sequence and Table</comment>
		<sql>
			CREATE SEQUENCE uberconsole.seq_user
				start 1
				increment 1
				NO MAXVALUE
				CACHE 1;
		</sql>
		<sql>
			CREATE TABLE uberconsole.tbl_user
			(
				user_id int primary key,
				username	varchar(32),
				firstname	varchar(128),
				lastname	varchar(128),
				active		boolean,
				datecreated	timestamp,
				lastupdated	timestamp
			);
		</sql>
		<sqlFile encoding="utf8" 
             path="../sql/0008-user-management-functions.sql" 
             relativeToChangelogFile="true"  
             splitStatements="true" 
             stripComments="false"
             endDelimiter="GO"
		/>
	</changeSet>
</databaseChangeLog>