<databaseChangeLog
    xmlns="http://www.liquibase.org/xml/ns/dbchangelog"
    xmlns:xsi="http://www.w3.org/2001/XMLSchema-instance"
    xmlns:ext="http://www.liquibase.org/xml/ns/dbchangelog-ext"
    xsi:schemaLocation="http://www.liquibase.org/xml/ns/dbchangelog http://www.liquibase.org/xml/ns/dbchangelog/dbchangelog-3.1.xsd
    http://www.liquibase.org/xml/ns/dbchangelog-ext http://www.liquibase.org/xml/ns/dbchangelog/dbchangelog-ext.xsd"
	logicalFilePath="0009-db-syslog-mod-all.xml">
	<changeSet id="0009" author="lmorallos">
		<comment>Creating DB Log and Syslog Implementation</comment>
		<sql>
			CREATE SEQUENCE uberconsole.seq_syslog
				start 1
				increment 1
				NO MAXVALUE
				CACHE 1;
		</sql>
		<sql>
			CREATE TABLE uberconsole.tbl_syslog
			(
				syslog_id int primary key,
				action		varchar(32),
				modname		varchar(128),
				classname	varchar(128),
				user_id		int,
				logdate		timestamp
			);
		</sql>
		<sql>
			ALTER TABLE uberconsole.tbl_competition ADD COLUMN syslog_id int;
		</sql>
		<sql>
			ALTER TABLE uberconsole.tbl_event ADD COLUMN syslog_id int;
		</sql>
		<sql>
			ALTER TABLE uberconsole.tbl_venue ADD COLUMN syslog_id int;
		</sql>
		<sql>
			ALTER TABLE uberconsole.tbl_contact ADD COLUMN syslog_id int;
		</sql>
		<sql>
			ALTER TABLE uberconsole.tbl_organizer ADD COLUMN syslog_id int;
		</sql>
		<sql>
			ALTER TABLE uberconsole.tbl_imgdata ADD COLUMN syslog_id int;
		</sql>
		<sql>
			ALTER TABLE uberconsole.tbl_user ADD COLUMN syslog_id int;
		</sql>
		<sql>
			ALTER TABLE uberconsole.tbl_user DROP COLUMN lastupdated;
		</sql>
		<sql>
			CREATE OR REPLACE VIEW uberConsole.VW_SYSLOG AS
			SELECT
				a.syslog_id,
				a.action,
				a.modname,
				a.classname,
				a.user_id,
				a.logdate,
				b.username
			FROM uberconsole.tbl_syslog a
			JOIN uberconsole.tbl_user b
			ON b.user_id = a.user_id;
		</sql>
		<sqlFile encoding="utf8" 
             path="../sql/0009-db-syslog-mod-functions.sql" 
             relativeToChangelogFile="true"  
             splitStatements="true" 
             stripComments="false"
             endDelimiter="GO"
		/>
	</changeSet>
</databaseChangeLog>