<?xml version="1.0" encoding="UTF-8"?>
<beans xmlns="http://www.springframework.org/schema/beans"
       xmlns:xsi="http://www.w3.org/2001/XMLSchema-instance"
       xmlns:context="http://www.springframework.org/schema/context"

       xsi:schemaLocation="http://www.springframework.org/schema/beans http://www.springframework.org/schema/beans/spring-beans.xsd
          http://www.springframework.org/schema/context http://www.springframework.org/schema/context/spring-context.xsd
        http://www.springframework.org/schema/tx http://www.springframework.org/schema/tx/spring-tx.xsd
">
    <import resource="classpath*:uaydsServiceConfig.xml" />

    <bean id="ydsProperties" class="org.springframework.beans.factory.config.PropertiesFactoryBean">
        <property name="locations">
            <list>
                <value>classpath*:build.properties</value>
                 <value>classpath*:**/*global.properties</value>
            </list>
        </property>
    </bean>
    <bean class="com.danceframe.console.web.service.util.SpringContextBean"></bean>
    <bean id="liquibase" class="liquibase.integration.spring.SpringLiquibase">
        <property name="dataSource" ref="uaydsStore" />
        <property name="defaultSchema" value="public" />
        <property name="changeLog" value="classpath:liquibase/master.xml" />
        <property name="contexts" value="test, production" />
    </bean>
  
    <context:component-scan base-package="com.useradd.yourdancesport.web.service" />
</beans>
